SchoolID, TeacherID, SubjectID, SubjectCode, SubjectName, YearID, DivisionID,Division, SemesterID, Semester, BranchID, Branch, DepartmentID, Department, CourseLevel, AcademicYear
74, , , more.. Truta capital, Balaji mandir, Budhwar Peth, Pune - 411002, Appa Balwant Chowk ,9766709499, , , , , Krishna book , , , , , , 
75, , , more.. Truta capital, Balaji mandir, Budhwar Peth, Pune - 411002, Appa Balwant Chowk ,9766709500, , , , , Krishna book , , , , , , 
76, , , more.. Truta capital, Balaji mandir, Budhwar Peth, Pune - 411002, Appa Balwant Chowk ,9766709501, , , , , Krishna book , , , , , , 
77, , , more.. Truta capital, Balaji mandir, Budhwar Peth, Pune - 411002, Appa Balwant Chowk ,9766709502, , , , , Krishna book , , , , , , 
78, , , more.. Truta capital, Balaji mandir, Budhwar Peth, Pune - 411002, Appa Balwant Chowk ,9766709503, , , , , Krishna book , , , , , , 
79, , , more.. Truta capital, Balaji mandir, Budhwar Peth, Pune - 411002, Appa Balwant Chowk ,9766709504, , , , , Krishna book , , , , , , 
80, , , more.. Truta capital, Balaji mandir, Budhwar Peth, Pune - 411002, Appa Balwant Chowk ,9766709505, , , , , Krishna book , , , , , , 
81, , , more.. Truta capital, Balaji mandir, Budhwar Peth, Pune - 411002, Appa Balwant Chowk ,9766709506, , , , , Krishna book , , , , , , 
82, , , more.. Truta capital, Balaji mandir, Budhwar Peth, Pune - 411002, Appa Balwant Chowk ,9766709507, , , , , Krishna book , , , , , , 
83, , , more.. Truta capital, Balaji mandir, Budhwar Peth, Pune - 411002, Appa Balwant Chowk ,9766709508, , , , , Krishna book , , , , , , 
84, , , more.. Truta capital, Balaji mandir, Budhwar Peth, Pune - 411002, Appa Balwant Chowk ,9766709509, , , , , Krishna book , , , , , , 
85, , , more.. Truta capital, Balaji mandir, Budhwar Peth, Pune - 411002, Appa Balwant Chowk ,9766709510, , , , , Krishna book , , , , , , 
86, , , more.. Truta capital, Balaji mandir, Budhwar Peth, Pune - 411002, Appa Balwant Chowk ,9766709511, , , , , Krishna book , , , , , , 
87, , , more.. Truta capital, Balaji mandir, Budhwar Peth, Pune - 411002, Appa Balwant Chowk ,9766709512, , , , , Krishna book , , , , , , 
88, , , more.. Truta capital, Balaji mandir, Budhwar Peth, Pune - 411002, Appa Balwant Chowk ,9766709513, , , , , Krishna book , , , , , , 
89, , , more.. Truta capital, Balaji mandir, Budhwar Peth, Pune - 411002, Appa Balwant Chowk ,9766709514, , , , , Krishna book , , , , , , 
90, , , more.. Truta capital, Balaji mandir, Budhwar Peth, Pune - 411002, Appa Balwant Chowk ,9766709515, , , , , Krishna book , , , , , , 
91, , , more.. Truta capital, Balaji mandir, Budhwar Peth, Pune - 411002, Appa Balwant Chowk ,9766709516, , , , , Krishna book , , , , , , 
92, , , more.. Truta capital, Balaji mandir, Budhwar Peth, Pune - 411002, Appa Balwant Chowk ,9766709517, , , , , Krishna book , , , , , , 
93, , , more.. Truta capital, Balaji mandir, Budhwar Peth, Pune - 411002, Appa Balwant Chowk ,9766709518, , , , , Krishna book , , , , , , 
94, , , more.. Truta capital, Balaji mandir, Budhwar Peth, Pune - 411002, Appa Balwant Chowk ,9766709519, , , , , Krishna book , , , , , , 
95, , , more.. Truta capital, Balaji mandir, Budhwar Peth, Pune - 411002, Appa Balwant Chowk ,9766709520, , , , , Krishna book , , , , , , 
96, , , more.. Truta capital, Balaji mandir, Budhwar Peth, Pune - 411002, Appa Balwant Chowk ,9766709521, , , , , Krishna book , , , , , , 
97, , , more.. Truta capital, Balaji mandir, Budhwar Peth, Pune - 411002, Appa Balwant Chowk ,9766709522, , , , , Krishna book , , , , , , 
98, , , more.. Truta capital, Balaji mandir, Budhwar Peth, Pune - 411002, Appa Balwant Chowk ,9766709523, , , , , Krishna book , , , , , , 
99, , , more.. Truta capital, Balaji mandir, Budhwar Peth, Pune - 411002, Appa Balwant Chowk ,9766709524, , , , , Krishna book , , , , , , 
100, , , more.. Truta capital, Balaji mandir, Budhwar Peth, Pune - 411002, Appa Balwant Chowk ,9766709525, , , , , Krishna book , , , , , , 
101, , , more.. Truta capital, Balaji mandir, Budhwar Peth, Pune - 411002, Appa Balwant Chowk ,9766709526, , , , , Krishna book , , , , , , 
102, , , more.. Truta capital, Balaji mandir, Budhwar Peth, Pune - 411002, Appa Balwant Chowk ,9766709527, , , , , Krishna book , , , , , , 
103, , , more.. Truta capital, Balaji mandir, Budhwar Peth, Pune - 411002, Appa Balwant Chowk ,9766709528, , , , , Krishna book , , , , , , 
104, , , more.. Truta capital, Balaji mandir, Budhwar Peth, Pune - 411002, Appa Balwant Chowk ,9766709529, , , , , Krishna book , , , , , , 
105, , , more.. Truta capital, Balaji mandir, Budhwar Peth, Pune - 411002, Appa Balwant Chowk ,9766709530, , , , , Krishna book , , , , , , 
106, , , more.. Truta capital, Balaji mandir, Budhwar Peth, Pune - 411002, Appa Balwant Chowk ,9766709531, , , , , Krishna book , , , , , , 
107, , , more.. Truta capital, Balaji mandir, Budhwar Peth, Pune - 411002, Appa Balwant Chowk ,9766709532, , , , , Krishna book , , , , , , 
108, , , more.. Truta capital, Balaji mandir, Budhwar Peth, Pune - 411002, Appa Balwant Chowk ,9766709533, , , , , Krishna book , , , , , , 
109, , , more.. Truta capital, Balaji mandir, Budhwar Peth, Pune - 411002, Appa Balwant Chowk ,9766709534, , , , , Krishna book , , , , , , 
110, , , more.. Truta capital, Balaji mandir, Budhwar Peth, Pune - 411002, Appa Balwant Chowk ,9766709535, , , , , Krishna book , , , , , , 
111, , , more.. Truta capital, Balaji mandir, Budhwar Peth, Pune - 411002, Appa Balwant Chowk ,9766709536, , , , , Krishna book , , , , , , 
112, , , more.. Truta capital, Balaji mandir, Budhwar Peth, Pune - 411002, Appa Balwant Chowk ,9766709537, , , , , Krishna book , , , , , , 
113, , , more.. Truta capital, Balaji mandir, Budhwar Peth, Pune - 411002, Appa Balwant Chowk ,9766709538, , , , , Krishna book , , , , , , 
114, , , more.. Truta capital, Balaji mandir, Budhwar Peth, Pune - 411002, Appa Balwant Chowk ,9766709539, , , , , Krishna book , , , , , , 
115, , , more.. Truta capital, Balaji mandir, Budhwar Peth, Pune - 411002, Appa Balwant Chowk ,9766709540, , , , , Krishna book , , , , , , 
116, , , more.. Truta capital, Balaji mandir, Budhwar Peth, Pune - 411002, Appa Balwant Chowk ,9766709541, , , , , Krishna book , , , , , , 
117, , , more.. Truta capital, Balaji mandir, Budhwar Peth, Pune - 411002, Appa Balwant Chowk ,9766709542, , , , , Krishna book , , , , , , 
118, , , more.. Truta capital, Balaji mandir, Budhwar Peth, Pune - 411002, Appa Balwant Chowk ,9766709543, , , , , Krishna book , , , , , , 
119, , , more.. Truta capital, Balaji mandir, Budhwar Peth, Pune - 411002, Appa Balwant Chowk ,9766709544, , , , , Krishna book , , , , , , 
120, , , more.. Truta capital, Balaji mandir, Budhwar Peth, Pune - 411002, Appa Balwant Chowk ,9766709545, , , , , Krishna book , , , , , , 
121, , , more.. Truta capital, Balaji mandir, Budhwar Peth, Pune - 411002, Appa Balwant Chowk ,9766709546, , , , , Krishna book , , , , , , 
122, , , more.. Truta capital, Balaji mandir, Budhwar Peth, Pune - 411002, Appa Balwant Chowk ,9766709547, , , , , Krishna book , , , , , , 
123, , , more.. Truta capital, Balaji mandir, Budhwar Peth, Pune - 411002, Appa Balwant Chowk ,9766709548, , , , , Krishna book , , , , , , 
124, , , more.. Truta capital, Balaji mandir, Budhwar Peth, Pune - 411002, Appa Balwant Chowk ,9766709549, , , , , Krishna book , , , , , , 
125, , , more.. Truta capital, Balaji mandir, Budhwar Peth, Pune - 411002, Appa Balwant Chowk ,9766709550, , , , , Krishna book , , , , , , 
126, , , more.. Truta capital, Balaji mandir, Budhwar Peth, Pune - 411002, Appa Balwant Chowk ,9766709551, , , , , Krishna book , , , , , , 
127, , , more.. Truta capital, Balaji mandir, Budhwar Peth, Pune - 411002, Appa Balwant Chowk ,9766709552, , , , , Krishna book , , , , , , 
128, , , more.. Truta capital, Balaji mandir, Budhwar Peth, Pune - 411002, Appa Balwant Chowk ,9766709553, , , , , Krishna book , , , , , , 
129, , , more.. Truta capital, Balaji mandir, Budhwar Peth, Pune - 411002, Appa Balwant Chowk ,9766709554, , , , , Krishna book , , , , , , 
130, , , more.. Truta capital, Balaji mandir, Budhwar Peth, Pune - 411002, Appa Balwant Chowk ,9766709555, , , , , Krishna book , , , , , , 
131, , , more.. Truta capital, Balaji mandir, Budhwar Peth, Pune - 411002, Appa Balwant Chowk ,9766709556, , , , , Krishna book , , , , , , 
132, , , more.. Truta capital, Balaji mandir, Budhwar Peth, Pune - 411002, Appa Balwant Chowk ,9766709557, , , , , Krishna book , , , , , , 
133, , , more.. Truta capital, Balaji mandir, Budhwar Peth, Pune - 411002, Appa Balwant Chowk ,9766709558, , , , , Krishna book , , , , , , 
134, , , more.. Truta capital, Balaji mandir, Budhwar Peth, Pune - 411002, Appa Balwant Chowk ,9766709559, , , , , Krishna book , , , , , , 
135, , , more.. Truta capital, Balaji mandir, Budhwar Peth, Pune - 411002, Appa Balwant Chowk ,9766709560, , , , , Krishna book , , , , , , 
136, , , more.. Truta capital, Balaji mandir, Budhwar Peth, Pune - 411002, Appa Balwant Chowk ,9766709561, , , , , Krishna book , , , , , , 
137, , , more.. Truta capital, Balaji mandir, Budhwar Peth, Pune - 411002, Appa Balwant Chowk ,9766709562, , , , , Krishna book , , , , , , 
138, , , more.. Truta capital, Balaji mandir, Budhwar Peth, Pune - 411002, Appa Balwant Chowk ,9766709563, , , , , Krishna book , , , , , , 
139, , , more.. Truta capital, Balaji mandir, Budhwar Peth, Pune - 411002, Appa Balwant Chowk ,9766709564, , , , , Krishna book , , , , , , 
140, , , more.. Truta capital, Balaji mandir, Budhwar Peth, Pune - 411002, Appa Balwant Chowk ,9766709565, , , , , Krishna book , , , , , , 
141, , , more.. Truta capital, Balaji mandir, Budhwar Peth, Pune - 411002, Appa Balwant Chowk ,9766709566, , , , , Krishna book , , , , , , 
142, , , more.. Truta capital, Balaji mandir, Budhwar Peth, Pune - 411002, Appa Balwant Chowk ,9766709567, , , , , Krishna book , , , , , , 
143, , , more.. Truta capital, Balaji mandir, Budhwar Peth, Pune - 411002, Appa Balwant Chowk ,9766709568, , , , , Krishna book , , , , , , 
144, , , more.. Truta capital, Balaji mandir, Budhwar Peth, Pune - 411002, Appa Balwant Chowk ,9766709569, , , , , Krishna book , , , , , , 
145, , , more.. Truta capital, Balaji mandir, Budhwar Peth, Pune - 411002, Appa Balwant Chowk ,9766709570, , , , , Krishna book , , , , , , 
146, , , more.. Truta capital, Balaji mandir, Budhwar Peth, Pune - 411002, Appa Balwant Chowk ,9766709571, , , , , Krishna book , , , , , , 
147, , , more.. Truta capital, Balaji mandir, Budhwar Peth, Pune - 411002, Appa Balwant Chowk ,9766709572, , , , , Krishna book , , , , , , 
148, , , more.. Truta capital, Balaji mandir, Budhwar Peth, Pune - 411002, Appa Balwant Chowk ,9766709573, , , , , Krishna book , , , , , , 
149, , , more.. Truta capital, Balaji mandir, Budhwar Peth, Pune - 411002, Appa Balwant Chowk ,9766709574, , , , , Krishna book , , , , , , 
150, , , more.. Truta capital, Balaji mandir, Budhwar Peth, Pune - 411002, Appa Balwant Chowk ,9766709575, , , , , Krishna book , , , , , , 
151, , , more.. Truta capital, Balaji mandir, Budhwar Peth, Pune - 411002, Appa Balwant Chowk ,9766709576, , , , , Krishna book , , , , , , 
152, , , more.. Truta capital, Balaji mandir, Budhwar Peth, Pune - 411002, Appa Balwant Chowk ,9766709577, , , , , Krishna book , , , , , , 
153, , , more.. Truta capital, Balaji mandir, Budhwar Peth, Pune - 411002, Appa Balwant Chowk ,9766709578, , , , , Krishna book , , , , , , 
154, , , more.. Truta capital, Balaji mandir, Budhwar Peth, Pune - 411002, Appa Balwant Chowk ,9766709579, , , , , Krishna book , , , , , , 
155, , , more.. Truta capital, Balaji mandir, Budhwar Peth, Pune - 411002, Appa Balwant Chowk ,9766709580, , , , , Krishna book , , , , , , 
156, , , more.. Truta capital, Balaji mandir, Budhwar Peth, Pune - 411002, Appa Balwant Chowk ,9766709581, , , , , Krishna book , , , , , , 
157, , , more.. Truta capital, Balaji mandir, Budhwar Peth, Pune - 411002, Appa Balwant Chowk ,9766709582, , , , , Krishna book , , , , , , 
158, , , more.. Truta capital, Balaji mandir, Budhwar Peth, Pune - 411002, Appa Balwant Chowk ,9766709583, , , , , Krishna book , , , , , , 
159, , , more.. Truta capital, Balaji mandir, Budhwar Peth, Pune - 411002, Appa Balwant Chowk ,9766709584, , , , , Krishna book , , , , , , 
160, , , more.. Truta capital, Balaji mandir, Budhwar Peth, Pune - 411002, Appa Balwant Chowk ,9766709585, , , , , Krishna book , , , , , , 
161, , , more.. Truta capital, Balaji mandir, Budhwar Peth, Pune - 411002, Appa Balwant Chowk ,9766709586, , , , , Krishna book , , , , , , 
162, , , more.. Truta capital, Balaji mandir, Budhwar Peth, Pune - 411002, Appa Balwant Chowk ,9766709587, , , , , Krishna book , , , , , , 
163, , , more.. Truta capital, Balaji mandir, Budhwar Peth, Pune - 411002, Appa Balwant Chowk ,9766709588, , , , , Krishna book , , , , , , 
164, , , more.. Truta capital, Balaji mandir, Budhwar Peth, Pune - 411002, Appa Balwant Chowk ,9766709589, , , , , Krishna book , , , , , , 
165, , , more.. Truta capital, Balaji mandir, Budhwar Peth, Pune - 411002, Appa Balwant Chowk ,9766709590, , , , , Krishna book , , , , , , 
166, , , more.. Truta capital, Balaji mandir, Budhwar Peth, Pune - 411002, Appa Balwant Chowk ,9766709591, , , , , Krishna book , , , , , , 
167, , , more.. Truta capital, Balaji mandir, Budhwar Peth, Pune - 411002, Appa Balwant Chowk ,9766709592, , , , , Krishna book , , , , , , 
168, , , more.. Truta capital, Balaji mandir, Budhwar Peth, Pune - 411002, Appa Balwant Chowk ,9766709593, , , , , Krishna book , , , , , , 
169, , , more.. Truta capital, Balaji mandir, Budhwar Peth, Pune - 411002, Appa Balwant Chowk ,9766709594, , , , , Krishna book , , , , , , 
170, , , more.. Truta capital, Balaji mandir, Budhwar Peth, Pune - 411002, Appa Balwant Chowk ,9766709595, , , , , Krishna book , , , , , , 
171, , , more.. Truta capital, Balaji mandir, Budhwar Peth, Pune - 411002, Appa Balwant Chowk ,9766709596, , , , , Krishna book , , , , , , 
172, , , more.. Truta capital, Balaji mandir, Budhwar Peth, Pune - 411002, Appa Balwant Chowk ,9766709597, , , , , Krishna book , , , , , , 
173, , , more.. Truta capital, Balaji mandir, Budhwar Peth, Pune - 411002, Appa Balwant Chowk ,9766709598, , , , , Krishna book , , , , , , 
174, , , more.. Truta capital, Balaji mandir, Budhwar Peth, Pune - 411002, Appa Balwant Chowk ,9766709599, , , , , Krishna book , , , , , , 
175, , , more.. Truta capital, Balaji mandir, Budhwar Peth, Pune - 411002, Appa Balwant Chowk ,9766709600, , , , , Krishna book , , , , , , 
176, , , more.. Truta capital, Balaji mandir, Budhwar Peth, Pune - 411002, Appa Balwant Chowk ,9766709601, , , , , Krishna book , , , , , , 
177, , , more.. Truta capital, Balaji mandir, Budhwar Peth, Pune - 411002, Appa Balwant Chowk ,9766709602, , , , , Krishna book , , , , , , 
178, , , more.. Truta capital, Balaji mandir, Budhwar Peth, Pune - 411002, Appa Balwant Chowk ,9766709603, , , , , Krishna book , , , , , , 
179, , , more.. Truta capital, Balaji mandir, Budhwar Peth, Pune - 411002, Appa Balwant Chowk ,9766709604, , , , , Krishna book , , , , , , 
180, , , more.. Truta capital, Balaji mandir, Budhwar Peth, Pune - 411002, Appa Balwant Chowk ,9766709605, , , , , Krishna book , , , , , , 
181, , , more.. Truta capital, Balaji mandir, Budhwar Peth, Pune - 411002, Appa Balwant Chowk ,9766709606, , , , , Krishna book , , , , , , 
182, , , more.. Truta capital, Balaji mandir, Budhwar Peth, Pune - 411002, Appa Balwant Chowk ,9766709607, , , , , Krishna book , , , , , , 
183, , , more.. Truta capital, Balaji mandir, Budhwar Peth, Pune - 411002, Appa Balwant Chowk ,9766709608, , , , , Krishna book , , , , , , 
184, , , more.. Truta capital, Balaji mandir, Budhwar Peth, Pune - 411002, Appa Balwant Chowk ,9766709609, , , , , Krishna book , , , , , , 
185, , , more.. Truta capital, Balaji mandir, Budhwar Peth, Pune - 411002, Appa Balwant Chowk ,9766709610, , , , , Krishna book , , , , , , 
186, , , more.. Truta capital, Balaji mandir, Budhwar Peth, Pune - 411002, Appa Balwant Chowk ,9766709611, , , , , Krishna book , , , , , , 
187, , , more.. Truta capital, Balaji mandir, Budhwar Peth, Pune - 411002, Appa Balwant Chowk ,9766709612, , , , , Krishna book , , , , , , 
188, , , more.. Truta capital, Balaji mandir, Budhwar Peth, Pune - 411002, Appa Balwant Chowk ,9766709613, , , , , Krishna book , , , , , , 
189, , , more.. Truta capital, Balaji mandir, Budhwar Peth, Pune - 411002, Appa Balwant Chowk ,9766709614, , , , , Krishna book , , , , , , 
190, , , more.. Truta capital, Balaji mandir, Budhwar Peth, Pune - 411002, Appa Balwant Chowk ,9766709615, , , , , Krishna book , , , , , , 
191, , , more.. Truta capital, Balaji mandir, Budhwar Peth, Pune - 411002, Appa Balwant Chowk ,9766709616, , , , , Krishna book , , , , , , 
192, , , more.. Truta capital, Balaji mandir, Budhwar Peth, Pune - 411002, Appa Balwant Chowk ,9766709617, , , , , Krishna book , , , , , , 
193, , , more.. Truta capital, Balaji mandir, Budhwar Peth, Pune - 411002, Appa Balwant Chowk ,9766709618, , , , , Krishna book , , , , , , 
194, , , more.. Truta capital, Balaji mandir, Budhwar Peth, Pune - 411002, Appa Balwant Chowk ,9766709619, , , , , Krishna book , , , , , , 
195, , , more.. Truta capital, Balaji mandir, Budhwar Peth, Pune - 411002, Appa Balwant Chowk ,9766709620, , , , , Krishna book , , , , , , 
196, , , more.. Truta capital, Balaji mandir, Budhwar Peth, Pune - 411002, Appa Balwant Chowk ,9766709621, , , , , Krishna book , , , , , , 
197, , , more.. Truta capital, Balaji mandir, Budhwar Peth, Pune - 411002, Appa Balwant Chowk ,9766709622, , , , , Krishna book , , , , , , 
198, , , more.. Truta capital, Balaji mandir, Budhwar Peth, Pune - 411002, Appa Balwant Chowk ,9766709623, , , , , Krishna book , , , , , , 
199, , , more.. Truta capital, Balaji mandir, Budhwar Peth, Pune - 411002, Appa Balwant Chowk ,9766709624, , , , , Krishna book , , , , , , 
200, , , more.. Truta capital, Balaji mandir, Budhwar Peth, Pune - 411002, Appa Balwant Chowk ,9766709625, , , , , Krishna book , , , , , , 
201, , , more.. Truta capital, Balaji mandir, Budhwar Peth, Pune - 411002, Appa Balwant Chowk ,9766709626, , , , , Krishna book , , , , , , 
202, , , more.. Truta capital, Balaji mandir, Budhwar Peth, Pune - 411002, Appa Balwant Chowk ,9766709627, , , , , Krishna book , , , , , , 
203, , , more.. Truta capital, Balaji mandir, Budhwar Peth, Pune - 411002, Appa Balwant Chowk ,9766709628, , , , , Krishna book , , , , , , 
204, , , more.. Truta capital, Balaji mandir, Budhwar Peth, Pune - 411002, Appa Balwant Chowk ,9766709629, , , , , Krishna book , , , , , , 
205, , , more.. Truta capital, Balaji mandir, Budhwar Peth, Pune - 411002, Appa Balwant Chowk ,9766709630, , , , , Krishna book , , , , , , 
206, , , more.. Truta capital, Balaji mandir, Budhwar Peth, Pune - 411002, Appa Balwant Chowk ,9766709631, , , , , Krishna book , , , , , , 
207, , , more.. Truta capital, Balaji mandir, Budhwar Peth, Pune - 411002, Appa Balwant Chowk ,9766709632, , , , , Krishna book , , , , , , 
208, , , more.. Truta capital, Balaji mandir, Budhwar Peth, Pune - 411002, Appa Balwant Chowk ,9766709633, , , , , Krishna book , , , , , , 
209, , , more.. Truta capital, Balaji mandir, Budhwar Peth, Pune - 411002, Appa Balwant Chowk ,9766709634, , , , , Krishna book , , , , , , 
210, , , more.. Truta capital, Balaji mandir, Budhwar Peth, Pune - 411002, Appa Balwant Chowk ,9766709635, , , , , Krishna book , , , , , , 
211, , , more.. Truta capital, Balaji mandir, Budhwar Peth, Pune - 411002, Appa Balwant Chowk ,9766709636, , , , , Krishna book , , , , , , 
212, , , more.. Truta capital, Balaji mandir, Budhwar Peth, Pune - 411002, Appa Balwant Chowk ,9766709637, , , , , Krishna book , , , , , , 
213, , , more.. Truta capital, Balaji mandir, Budhwar Peth, Pune - 411002, Appa Balwant Chowk ,9766709638, , , , , Krishna book , , , , , , 
214, , , more.. Truta capital, Balaji mandir, Budhwar Peth, Pune - 411002, Appa Balwant Chowk ,9766709639, , , , , Krishna book , , , , , , 
215, , , more.. Truta capital, Balaji mandir, Budhwar Peth, Pune - 411002, Appa Balwant Chowk ,9766709640, , , , , Krishna book , , , , , , 
216, , , more.. Truta capital, Balaji mandir, Budhwar Peth, Pune - 411002, Appa Balwant Chowk ,9766709641, , , , , Krishna book , , , , , , 
217, , , more.. Truta capital, Balaji mandir, Budhwar Peth, Pune - 411002, Appa Balwant Chowk ,9766709642, , , , , Krishna book , , , , , , 
218, , , more.. Truta capital, Balaji mandir, Budhwar Peth, Pune - 411002, Appa Balwant Chowk ,9766709643, , , , , Krishna book , , , , , , 
219, , , more.. Truta capital, Balaji mandir, Budhwar Peth, Pune - 411002, Appa Balwant Chowk ,9766709644, , , , , Krishna book , , , , , , 
220, , , more.. Truta capital, Balaji mandir, Budhwar Peth, Pune - 411002, Appa Balwant Chowk ,9766709645, , , , , Krishna book , , , , , , 
221, , , more.. Truta capital, Balaji mandir, Budhwar Peth, Pune - 411002, Appa Balwant Chowk ,9766709646, , , , , Krishna book , , , , , , 
222, , , more.. Truta capital, Balaji mandir, Budhwar Peth, Pune - 411002, Appa Balwant Chowk ,9766709647, , , , , Krishna book , , , , , , 
223, , , more.. Truta capital, Balaji mandir, Budhwar Peth, Pune - 411002, Appa Balwant Chowk ,9766709648, , , , , Krishna book , , , , , , 
224, , , more.. Truta capital, Balaji mandir, Budhwar Peth, Pune - 411002, Appa Balwant Chowk ,9766709649, , , , , Krishna book , , , , , , 
225, , , more.. Truta capital, Balaji mandir, Budhwar Peth, Pune - 411002, Appa Balwant Chowk ,9766709650, , , , , Krishna book , , , , , , 
226, , , more.. Truta capital, Balaji mandir, Budhwar Peth, Pune - 411002, Appa Balwant Chowk ,9766709651, , , , , Krishna book , , , , , , 
227, , , more.. Truta capital, Balaji mandir, Budhwar Peth, Pune - 411002, Appa Balwant Chowk ,9766709652, , , , , Krishna book , , , , , , 
228, , , more.. Truta capital, Balaji mandir, Budhwar Peth, Pune - 411002, Appa Balwant Chowk ,9766709653, , , , , Krishna book , , , , , , 
229, , , more.. Truta capital, Balaji mandir, Budhwar Peth, Pune - 411002, Appa Balwant Chowk ,9766709654, , , , , Krishna book , , , , , , 
230, , , more.. Truta capital, Balaji mandir, Budhwar Peth, Pune - 411002, Appa Balwant Chowk ,9766709655, , , , , Krishna book , , , , , , 
231, , , more.. Truta capital, Balaji mandir, Budhwar Peth, Pune - 411002, Appa Balwant Chowk ,9766709656, , , , , Krishna book , , , , , , 
232, , , more.. Truta capital, Balaji mandir, Budhwar Peth, Pune - 411002, Appa Balwant Chowk ,9766709657, , , , , Krishna book , , , , , , 
233, , , more.. Truta capital, Balaji mandir, Budhwar Peth, Pune - 411002, Appa Balwant Chowk ,9766709658, , , , , Krishna book , , , , , , 
234, , , more.. Truta capital, Balaji mandir, Budhwar Peth, Pune - 411002, Appa Balwant Chowk ,9766709659, , , , , Krishna book , , , , , , 
235, , , more.. Truta capital, Balaji mandir, Budhwar Peth, Pune - 411002, Appa Balwant Chowk ,9766709660, , , , , Krishna book , , , , , , 
236, , , more.. Truta capital, Balaji mandir, Budhwar Peth, Pune - 411002, Appa Balwant Chowk ,9766709661, , , , , Krishna book , , , , , , 
237, , , more.. Truta capital, Balaji mandir, Budhwar Peth, Pune - 411002, Appa Balwant Chowk ,9766709662, , , , , Krishna book , , , , , , 
238, , , more.. Truta capital, Balaji mandir, Budhwar Peth, Pune - 411002, Appa Balwant Chowk ,9766709663, , , , , Krishna book , , , , , , 
239, , , more.. Truta capital, Balaji mandir, Budhwar Peth, Pune - 411002, Appa Balwant Chowk ,9766709664, , , , , Krishna book , , , , , , 
240, , , more.. Truta capital, Balaji mandir, Budhwar Peth, Pune - 411002, Appa Balwant Chowk ,9766709665, , , , , Krishna book , , , , , , 
241, , , more.. Truta capital, Balaji mandir, Budhwar Peth, Pune - 411002, Appa Balwant Chowk ,9766709666, , , , , Krishna book , , , , , , 
242, , , more.. Truta capital, Balaji mandir, Budhwar Peth, Pune - 411002, Appa Balwant Chowk ,9766709667, , , , , Krishna book , , , , , , 
243, , , more.. Truta capital, Balaji mandir, Budhwar Peth, Pune - 411002, Appa Balwant Chowk ,9766709668, , , , , Krishna book , , , , , , 
244, , , more.. Truta capital, Balaji mandir, Budhwar Peth, Pune - 411002, Appa Balwant Chowk ,9766709669, , , , , Krishna book , , , , , , 
245, , , more.. Truta capital, Balaji mandir, Budhwar Peth, Pune - 411002, Appa Balwant Chowk ,9766709670, , , , , Krishna book , , , , , , 
246, , , more.. Truta capital, Balaji mandir, Budhwar Peth, Pune - 411002, Appa Balwant Chowk ,9766709671, , , , , Krishna book , , , , , , 
247, , , more.. Truta capital, Balaji mandir, Budhwar Peth, Pune - 411002, Appa Balwant Chowk ,9766709672, , , , , Krishna book , , , , , , 
248, , , more.. Truta capital, Balaji mandir, Budhwar Peth, Pune - 411002, Appa Balwant Chowk ,9766709673, , , , , Krishna book , , , , , , 
249, , , more.. Truta capital, Balaji mandir, Budhwar Peth, Pune - 411002, Appa Balwant Chowk ,9766709674, , , , , Krishna book , , , , , , 
250, , , more.. Truta capital, Balaji mandir, Budhwar Peth, Pune - 411002, Appa Balwant Chowk ,9766709675, , , , , Krishna book , , , , , , 
251, , , more.. Truta capital, Balaji mandir, Budhwar Peth, Pune - 411002, Appa Balwant Chowk ,9766709676, , , , , Krishna book , , , , , , 
252, , , more.. Truta capital, Balaji mandir, Budhwar Peth, Pune - 411002, Appa Balwant Chowk ,9766709677, , , , , Krishna book , , , , , , 
253, , , more.. Truta capital, Balaji mandir, Budhwar Peth, Pune - 411002, Appa Balwant Chowk ,9766709678, , , , , Krishna book , , , , , , 
254, , , more.. Truta capital, Balaji mandir, Budhwar Peth, Pune - 411002, Appa Balwant Chowk ,9766709679, , , , , Krishna book , , , , , , 
255, , , more.. Truta capital, Balaji mandir, Budhwar Peth, Pune - 411002, Appa Balwant Chowk ,9766709680, , , , , Krishna book , , , , , , 
256, , , more.. Truta capital, Balaji mandir, Budhwar Peth, Pune - 411002, Appa Balwant Chowk ,9766709681, , , , , Krishna book , , , , , , 
257, , , more.. Truta capital, Balaji mandir, Budhwar Peth, Pune - 411002, Appa Balwant Chowk ,9766709682, , , , , Krishna book , , , , , , 
258, , , more.. Truta capital, Balaji mandir, Budhwar Peth, Pune - 411002, Appa Balwant Chowk ,9766709683, , , , , Krishna book , , , , , , 
259, , , more.. Truta capital, Balaji mandir, Budhwar Peth, Pune - 411002, Appa Balwant Chowk ,9766709684, , , , , Krishna book , , , , , , 
260, , , more.. Truta capital, Balaji mandir, Budhwar Peth, Pune - 411002, Appa Balwant Chowk ,9766709685, , , , , Krishna book , , , , , , 
261, , , more.. Truta capital, Balaji mandir, Budhwar Peth, Pune - 411002, Appa Balwant Chowk ,9766709686, , , , , Krishna book , , , , , , 
262, , , more.. Truta capital, Balaji mandir, Budhwar Peth, Pune - 411002, Appa Balwant Chowk ,9766709687, , , , , Krishna book , , , , , , 
263, , , more.. Truta capital, Balaji mandir, Budhwar Peth, Pune - 411002, Appa Balwant Chowk ,9766709688, , , , , Krishna book , , , , , , 
264, , , more.. Truta capital, Balaji mandir, Budhwar Peth, Pune - 411002, Appa Balwant Chowk ,9766709689, , , , , Krishna book , , , , , , 
265, , , more.. Truta capital, Balaji mandir, Budhwar Peth, Pune - 411002, Appa Balwant Chowk ,9766709690, , , , , Krishna book , , , , , , 
266, , , more.. Truta capital, Balaji mandir, Budhwar Peth, Pune - 411002, Appa Balwant Chowk ,9766709691, , , , , Krishna book , , , , , , 
267, , , more.. Truta capital, Balaji mandir, Budhwar Peth, Pune - 411002, Appa Balwant Chowk ,9766709692, , , , , Krishna book , , , , , , 
268, , , more.. Truta capital, Balaji mandir, Budhwar Peth, Pune - 411002, Appa Balwant Chowk ,9766709693, , , , , Krishna book , , , , , , 
269, , , more.. Truta capital, Balaji mandir, Budhwar Peth, Pune - 411002, Appa Balwant Chowk ,9766709694, , , , , Krishna book , , , , , , 
270, , , more.. Truta capital, Balaji mandir, Budhwar Peth, Pune - 411002, Appa Balwant Chowk ,9766709695, , , , , Krishna book , , , , , , 
271, , , more.. Truta capital, Balaji mandir, Budhwar Peth, Pune - 411002, Appa Balwant Chowk ,9766709696, , , , , Krishna book , , , , , , 
272, , , more.. Truta capital, Balaji mandir, Budhwar Peth, Pune - 411002, Appa Balwant Chowk ,9766709697, , , , , Krishna book , , , , , , 
273, , , more.. Truta capital, Balaji mandir, Budhwar Peth, Pune - 411002, Appa Balwant Chowk ,9766709698, , , , , Krishna book , , , , , , 
274, , , more.. Truta capital, Balaji mandir, Budhwar Peth, Pune - 411002, Appa Balwant Chowk ,9766709699, , , , , Krishna book , , , , , , 
275, , , more.. Truta capital, Balaji mandir, Budhwar Peth, Pune - 411002, Appa Balwant Chowk ,9766709700, , , , , Krishna book , , , , , , 
276, , , more.. Truta capital, Balaji mandir, Budhwar Peth, Pune - 411002, Appa Balwant Chowk ,9766709701, , , , , Krishna book , , , , , , 
277, , , more.. Truta capital, Balaji mandir, Budhwar Peth, Pune - 411002, Appa Balwant Chowk ,9766709702, , , , , Krishna book , , , , , , 
278, , , more.. Truta capital, Balaji mandir, Budhwar Peth, Pune - 411002, Appa Balwant Chowk ,9766709703, , , , , Krishna book , , , , , , 
279, , , more.. Truta capital, Balaji mandir, Budhwar Peth, Pune - 411002, Appa Balwant Chowk ,9766709704, , , , , Krishna book , , , , , , 
280, , , more.. Truta capital, Balaji mandir, Budhwar Peth, Pune - 411002, Appa Balwant Chowk ,9766709705, , , , , Krishna book , , , , , , 
281, , , more.. Truta capital, Balaji mandir, Budhwar Peth, Pune - 411002, Appa Balwant Chowk ,9766709706, , , , , Krishna book , , , , , , 
282, , , more.. Truta capital, Balaji mandir, Budhwar Peth, Pune - 411002, Appa Balwant Chowk ,9766709707, , , , , Krishna book , , , , , , 
283, , , more.. Truta capital, Balaji mandir, Budhwar Peth, Pune - 411002, Appa Balwant Chowk ,9766709708, , , , , Krishna book , , , , , , 
284, , , more.. Truta capital, Balaji mandir, Budhwar Peth, Pune - 411002, Appa Balwant Chowk ,9766709709, , , , , Krishna book , , , , , , 
285, , , more.. Truta capital, Balaji mandir, Budhwar Peth, Pune - 411002, Appa Balwant Chowk ,9766709710, , , , , Krishna book , , , , , , 
286, , , more.. Truta capital, Balaji mandir, Budhwar Peth, Pune - 411002, Appa Balwant Chowk ,9766709711, , , , , Krishna book , , , , , , 
287, , , more.. Truta capital, Balaji mandir, Budhwar Peth, Pune - 411002, Appa Balwant Chowk ,9766709712, , , , , Krishna book , , , , , , 
288, , , more.. Truta capital, Balaji mandir, Budhwar Peth, Pune - 411002, Appa Balwant Chowk ,9766709713, , , , , Krishna book , , , , , , 
289, , , more.. Truta capital, Balaji mandir, Budhwar Peth, Pune - 411002, Appa Balwant Chowk ,9766709714, , , , , Krishna book , , , , , , 
290, , , more.. Truta capital, Balaji mandir, Budhwar Peth, Pune - 411002, Appa Balwant Chowk ,9766709715, , , , , Krishna book , , , , , , 
291, , , more.. Truta capital, Balaji mandir, Budhwar Peth, Pune - 411002, Appa Balwant Chowk ,9766709716, , , , , Krishna book , , , , , , 
292, , , more.. Truta capital, Balaji mandir, Budhwar Peth, Pune - 411002, Appa Balwant Chowk ,9766709717, , , , , Krishna book , , , , , , 
293, , , more.. Truta capital, Balaji mandir, Budhwar Peth, Pune - 411002, Appa Balwant Chowk ,9766709718, , , , , Krishna book , , , , , , 
294, , , more.. Truta capital, Balaji mandir, Budhwar Peth, Pune - 411002, Appa Balwant Chowk ,9766709719, , , , , Krishna book , , , , , , 
295, , , more.. Truta capital, Balaji mandir, Budhwar Peth, Pune - 411002, Appa Balwant Chowk ,9766709720, , , , , Krishna book , , , , , , 
296, , , more.. Truta capital, Balaji mandir, Budhwar Peth, Pune - 411002, Appa Balwant Chowk ,9766709721, , , , , Krishna book , , , , , , 
297, , , more.. Truta capital, Balaji mandir, Budhwar Peth, Pune - 411002, Appa Balwant Chowk ,9766709722, , , , , Krishna book , , , , , , 
298, , , more.. Truta capital, Balaji mandir, Budhwar Peth, Pune - 411002, Appa Balwant Chowk ,9766709723, , , , , Krishna book , , , , , , 
299, , , more.. Truta capital, Balaji mandir, Budhwar Peth, Pune - 411002, Appa Balwant Chowk ,9766709724, , , , , Krishna book , , , , , , 
300, , , more.. Truta capital, Balaji mandir, Budhwar Peth, Pune - 411002, Appa Balwant Chowk ,9766709725, , , , , Krishna book , , , , , , 
301, , , more.. Truta capital, Balaji mandir, Budhwar Peth, Pune - 411002, Appa Balwant Chowk ,9766709726, , , , , Krishna book , , , , , , 
302, , , more.. Truta capital, Balaji mandir, Budhwar Peth, Pune - 411002, Appa Balwant Chowk ,9766709727, , , , , Krishna book , , , , , , 
303, , , more.. Truta capital, Balaji mandir, Budhwar Peth, Pune - 411002, Appa Balwant Chowk ,9766709728, , , , , Krishna book , , , , , , 
304, , , more.. Truta capital, Balaji mandir, Budhwar Peth, Pune - 411002, Appa Balwant Chowk ,9766709729, , , , , Krishna book , , , , , , 
305, , , more.. Truta capital, Balaji mandir, Budhwar Peth, Pune - 411002, Appa Balwant Chowk ,9766709730, , , , , Krishna book , , , , , , 
306, , , more.. Truta capital, Balaji mandir, Budhwar Peth, Pune - 411002, Appa Balwant Chowk ,9766709731, , , , , Krishna book , , , , , , 
307, , , more.. Truta capital, Balaji mandir, Budhwar Peth, Pune - 411002, Appa Balwant Chowk ,9766709732, , , , , Krishna book , , , , , , 
308, , , more.. Truta capital, Balaji mandir, Budhwar Peth, Pune - 411002, Appa Balwant Chowk ,9766709733, , , , , Krishna book , , , , , , 
309, , , more.. Truta capital, Balaji mandir, Budhwar Peth, Pune - 411002, Appa Balwant Chowk ,9766709734, , , , , Krishna book , , , , , , 
310, , , more.. Truta capital, Balaji mandir, Budhwar Peth, Pune - 411002, Appa Balwant Chowk ,9766709735, , , , , Krishna book , , , , , , 
311, , , more.. Truta capital, Balaji mandir, Budhwar Peth, Pune - 411002, Appa Balwant Chowk ,9766709736, , , , , Krishna book , , , , , , 
312, , , more.. Truta capital, Balaji mandir, Budhwar Peth, Pune - 411002, Appa Balwant Chowk ,9766709737, , , , , Krishna book , , , , , , 
313, , , more.. Truta capital, Balaji mandir, Budhwar Peth, Pune - 411002, Appa Balwant Chowk ,9766709738, , , , , Krishna book , , , , , , 
314, , , more.. Truta capital, Balaji mandir, Budhwar Peth, Pune - 411002, Appa Balwant Chowk ,9766709739, , , , , Krishna book , , , , , , 
315, , , more.. Truta capital, Balaji mandir, Budhwar Peth, Pune - 411002, Appa Balwant Chowk ,9766709740, , , , , Krishna book , , , , , , 
316, , , more.. Truta capital, Balaji mandir, Budhwar Peth, Pune - 411002, Appa Balwant Chowk ,9766709741, , , , , Krishna book , , , , , , 
317, , , more.. Truta capital, Balaji mandir, Budhwar Peth, Pune - 411002, Appa Balwant Chowk ,9766709742, , , , , Krishna book , , , , , , 
318, , , more.. Truta capital, Balaji mandir, Budhwar Peth, Pune - 411002, Appa Balwant Chowk ,9766709743, , , , , Krishna book , , , , , , 
319, , , more.. Truta capital, Balaji mandir, Budhwar Peth, Pune - 411002, Appa Balwant Chowk ,9766709744, , , , , Krishna book , , , , , , 
320, , , more.. Truta capital, Balaji mandir, Budhwar Peth, Pune - 411002, Appa Balwant Chowk ,9766709745, , , , , Krishna book , , , , , , 
321, , , more.. Truta capital, Balaji mandir, Budhwar Peth, Pune - 411002, Appa Balwant Chowk ,9766709746, , , , , Krishna book , , , , , , 
322, , , more.. Truta capital, Balaji mandir, Budhwar Peth, Pune - 411002, Appa Balwant Chowk ,9766709747, , , , , Krishna book , , , , , , 
323, , , more.. Truta capital, Balaji mandir, Budhwar Peth, Pune - 411002, Appa Balwant Chowk ,9766709748, , , , , Krishna book , , , , , , 
324, , , more.. Truta capital, Balaji mandir, Budhwar Peth, Pune - 411002, Appa Balwant Chowk ,9766709749, , , , , Krishna book , , , , , , 
325, , , more.. Truta capital, Balaji mandir, Budhwar Peth, Pune - 411002, Appa Balwant Chowk ,9766709750, , , , , Krishna book , , , , , , 
326, , , more.. Truta capital, Balaji mandir, Budhwar Peth, Pune - 411002, Appa Balwant Chowk ,9766709751, , , , , Krishna book , , , , , , 
